{"43.230.157.11": 1751373846.6758323, "43.230.157.33": 1751460079.7990468, "333333": 1751460088.9140337, "103.90.207.241": 1752692634.0865955, "2.2.2.2": 1751969255.4645033, "1.2.4.5": 1751969265.4839733, "1.2.4.99": 1751969435.5312586, "103.90.205.129": 1751994385.8229213, "43.230.157.53": 1752698537.5450585, "103.90.205.131": 1752834856.9641192, "103.90.205.138": 1752834856.9622242, "160.30.123.78": 1752839479.1391315, "103.255.9.57": 1752841197.6813192, "103.69.219.125": 1752864730.5552104, "103.93.176.86": 1752483667.5246246, "103.90.207.94": 1752830123.4994876, "103.201.141.221": 1751999786.4143994, "103.207.168.205": 1752861191.6382937, "103.161.232.178": 1752811789.2481472, "160.30.123.77": 1752861742.8071027, "160.30.123.79": 1752842045.4218016, "103.90.207.18": 1751999786.2357469, "14.102.66.234": 1751999786.5279672, "111.125.138.62": 1752486126.4292321, "103.201.141.243": 1752464272.1124473, "103.255.9.236": 1752489665.4483783, "103.90.205.253": 1752853536.2980852, "157.119.215.136": 1751999786.403292, "103.46.239.130": 1752489837.9631743, "103.61.239.122": 1752322472.0959778, "103.46.239.131": 1752855598.8860097, "103.43.6.100": 1752402816.2583559, "103.90.206.166": 1752638213.1195822, "103.79.115.254": 1752553636.395578, "103.61.103.122": 1752855701.1383343}